region,motif_score,chip_signal,label
chr5:128622162-128622662,4.05700040663396,0.0761939,0
chr17:29617907-29618407,5.246416941107094,69.1024,1
chr22:18061074-18061574,4.05700040663396,0.582062,0
chr15:74164649-74165149,5.0030507515046185,0.217526,0
chr3:36957000-36957500,4.943095148663527,6.94134,1
chr6:47047503-47048003,5.55129368009492,88.3706,1
chr2:206781501-206782001,5.651695136951839,46.522,1
chr2:193240735-193241235,6.2604276555499085,24.7236,1
chr14:99327253-99327753,4.950781977329818,10.866,1
chr17:11797835-11798335,5.226945306635737,3.91875,1
chr12:6961846-6962346,5.269217724333611,34.9729,1
chr9:115591428-115591928,7.06398920428479,56.0536,1
chr16:54518755-54519255,6.010550182333308,5.64599,1
chr19:18251748-18252248,8.034328028779893,109.171,1
chr19:3783541-3784041,5.462180904926726,6.75472,1
chr2:105076743-105077243,4.254144804826272,0.243291,0
chr6:110039366-110039866,7.266802734893431,125.226,1
chr16:88287205-88287705,6.356547323513812,45.7779,1
chr5:34017532-34018032,4.376750709602099,0.562482,0
chr5:134374165-134374665,4.328827157284917,9.52068,1
chr16:10736997-10737497,6.115771230367396,110.19,1
chr20:47811032-47811532,4.319664486585437,0.0918171,0
chr16:88558980-88559480,4.991399828238082,36.1716,1
chr4:27000754-27001254,4.131355561605174,19.8974,1
chr2:100211378-100211878,4.328827157284917,0.501363,0
chr1:111711116-111711616,5.739928612014925,4.70086,1
chr11:755314-755814,5.72584215073632,6.33177,1
chr3:45172956-45173456,4.192464971931146,0.530201,0
chr4:32462896-32463396,4.987162775294828,35.1736,1
chr17:38444019-38444519,6.651695136951839,41.1562,1
chr2:113203844-113204344,4.906578314837765,88.2762,1
chr6:26211902-26212402,4.72584215073632,6.90771,1
chrX:138712025-138712525,5.482804102050026,38.906,1
chr14:90301512-90302012,5.39040559077478,64.4562,1
chr1:91507281-91507781,4.896196279044043,5.09091,1
chr19:29966814-29967314,5.350665141287858,32.4126,1
chr2:69816895-69817395,5.265200170411153,79.7399,1
chrX:110160422-110160922,4.6595558851598815,40.1203,1
chr2:201270275-201270775,4.703334809738469,6.10408,1
chr14:74324775-74325275,4.903089986991944,53.4841,1
chr2:193695298-193695798,6.028724151261895,32.5291,1
chr18:72652921-72653421,5.0,22.3206,1
chr6:88546414-88546914,4.062983892535186,0.171288,0
chr4:185011401-185011901,5.402304814074488,16.5471,1
chr1:32400746-32401246,6.279840696594043,59.8007,1
chrX:72004149-72004649,5.465973893943865,20.3965,1
chr3:126246252-126246752,6.444905551421681,45.1125,1
chr1:233424813-233425313,5.095284454721319,17.9957,1
chr22:45101765-45102265,6.519993057042849,33.9258,1
chr8:71216903-71217403,5.61261017366127,21.2697,1
chr10:42178221-42178721,5.246416941107094,13.0844,1
chr17:67602937-67603437,4.149966742310231,99.5119,1
chr17:58317310-58317810,5.219682687859849,149.785,1
chr17:41648552-41649052,6.332547047110047,86.9331,1
chrX:15568208-15568708,4.931814138253839,38.7879,1
chr1:110477627-110478127,5.374687549038326,6.88697,1
chr2:62456871-62457371,6.480172006224281,67.1405,1
chr20:14264829-14265329,5.576754126063192,40.2927,1
chr7:142357829-142358329,7.798602875679548,86.3083,1
chr9:127784867-127785367,7.476253533188435,83.49,1
chr6:153503751-153504251,4.896196279044043,9.84839,1
chr7:123682584-123683084,5.97469413473523,39.0212,1
chr3:14691739-14692239,4.179798540514359,0.151167,0
chr6:113182893-113183393,4.534617148551582,4.65926,1
chr5:135566116-135566616,7.58838029403677,91.0179,1
chr12:52927393-52927893,6.157390760389438,56.3939,1
chr12:69253926-69254426,5.4698003017969175,46.7112,1
chr7:22629076-22629576,4.24184537803261,0.471814,0
chr10:80046819-80047319,6.642065152999546,85.1531,1
chrX:30570440-30570940,5.982966660701219,15.2903,1
chr14:91523951-91524451,5.208309350979882,6.46326,1
chr9:13056644-13057144,4.033389013318065,5.90693,1
chr9:110623406-110623906,5.756961951313706,58.8374,1
chr22:50241028-50241528,5.642065152999546,20.7711,1
chr8:139705919-139706419,7.958607314841775,50.27,1
chr6:30453584-30454084,5.931814138253839,34.7631,1
chr19:19360989-19361489,6.698970004336019,51.9404,1
chr11:4187485-4187985,5.498940737782249,32.9053,1
chr7:83976183-83976683,5.838631997765025,50.4606,1
chr9:136079225-136079725,5.014124642691606,5.51513,1
chr6:137202029-137202529,5.121478204498794,66.0363,1
chr12:130818867-130819367,8.136082623042139,44.9555,1
chr15:45457782-45458282,5.269217724333611,73.2588,1
chr14:56247618-56248118,6.064996848546345,33.5243,1
chr15:99928249-99928749,7.444905551421681,19.9381,1
chr5:43729803-43730303,4.525783735923745,57.7078,1
chr17:75819206-75819706,5.414539270491499,25.8685,1
chr6:123777512-123778012,4.872895201635193,30.5639,1
chr3:30606494-30606994,4.411168274405793,4.95011,1
chr3:53513530-53514030,5.671620396561262,26.3915,1
chr16:3716051-3716551,4.000869458712629,0.381342,0
chr16:3654190-3654690,7.081445469449727,41.7387,1
chr1:94801931-94802431,5.417936637088292,29.3204,1
chr19:30082063-30082563,5.0655015487564325,5.49195,1
chr7:151010104-151010604,4.288192770958809,0.798465,0
chr7:72964725-72965225,4.036212172654444,0.05156,0
chr9:126940553-126941053,7.94692155651658,101.999,1
chr8:42385368-42385868,6.605548319173784,44.4164,1
chr1:167105505-167106005,4.485452247339714,6.91826,1
chr10:76311669-76312169,5.498940737782249,38.1784,1
chr17:82097995-82098495,4.216811308924743,11.8778,1
chr1:212062766-212063266,5.638272163982407,27.9368,1
chr14:22185198-22185698,4.681936665037238,8.09043,1
chr2:42054737-42055237,6.218244625347531,13.2762,1
chr11:79430238-79430738,4.244887733604929,10.996,1
chr9:62473555-62474055,4.866461091629782,0.05156,0
chr3:17841171-17841671,5.057991946977687,99.3208,1
chr11:121446819-121447319,4.140861702705469,15.932,1
chr20:45322869-45323369,4.518557371497695,80.4435,1
chr4:15238633-15239133,4.671620396561262,53.09,1
chr20:1108370-1108870,7.006563769502388,39.8442,1
chr15:79184321-79184821,7.469800301796917,141.511,1
chr1:8726440-8726940,5.1249387366083,41.7096,1
chr6:132824550-132825050,4.903089986991944,12.8805,1
chr11:67847824-67848324,4.095284454721319,31.3759,1
chrX:62594722-62595222,4.044793462458058,0.05156,0
chr2:231412298-231412798,5.417936637088292,51.3627,1
chr3:160928291-160928791,4.581698708680254,19.5949,1
chr2:148640706-148641206,5.518557371497695,28.9771,1
chr14:44149484-44149984,6.237321436272564,72.0022,1
chr1:181632765-181633265,4.853871964321762,10.8218,1
chr20:22106483-22106983,5.97469413473523,81.1764,1
chr16:50646475-50646975,4.402304814074488,0.139095,0
chr17:31525278-31525778,6.982966660701219,51.1066,1
chr12:14111171-14111671,4.405607449624573,26.5021,1
chr18:77000366-77000866,5.527243550682788,52.3275,1
chr19:44782654-44783154,4.376750709602099,10.4778,1
chr5:102971642-102972142,4.97469413473523,31.4503,1
chr2:238259432-238259932,4.7121982700697735,13.9917,1
chr11:46075872-46076372,5.014124642691606,24.3316,1
chr4:1579081-1579581,8.730487055782083,25.69,1
chr1:154953496-154953996,4.920818753952375,0.0866001,0
chr8_KI270818v1_alt:109271-109771,4.525783735923745,0.0,0
chr7:114711707-114712207,4.4723700991286615,0.347854,0
chr2:33673864-33674364,5.3788237182249645,38.3355,1
chr17:16124728-16125228,4.485452247339714,0.226452,0
chr11:69683807-69684307,6.876148359032914,35.533,1
chr1:10692290-10692790,5.756961951313706,24.7519,1
chr3:120567640-120568140,5.087777943467585,53.4453,1
chr14:76514548-76515048,5.449771646944906,49.8502,1
chr11:27700166-27700666,4.424812155072339,0.249795,0
chr1:244636828-244637328,5.806875401645538,11.6644,1
chr16:55703361-55703861,7.255707016877324,27.9617,1
chr16:24036594-24037094,5.289036881004725,56.1598,1
chr11:17766520-17767020,4.192464971931146,8.87112,1
chr1:59718000-59718500,5.151195298948196,30.8655,1
chr4:169185578-169186078,4.376750709602099,4.15223,1
chr2:72220140-72220640,5.110138278741812,7.87301,1
chr17:32877135-32877635,5.543633966870957,26.3233,1
chr7:105886350-105886850,4.779891911959945,3.47741,1
chr20:41400198-41400698,4.288192770958809,0.437839,0
chr3:138397872-138398372,5.795880017344075,32.5117,1
chr20:27213808-27214308,5.563837352959244,0.05156,0
chr1:209489957-209490457,4.634512015109101,21.8773,1
chr10:103781199-103781699,4.730487055782084,19.4865,1
chr15:94164160-94164660,6.752026733638194,78.9066,1
chr8:109639535-109640035,5.876148359032914,64.2345,1
chr4:150242830-150243330,4.686132779630847,65.0065,1
chr1:205066314-205066814,4.373659632624958,17.1176,1
chr14:90193887-90194387,7.357535479757878,22.1786,1
chr1:228691887-228692387,5.896196279044043,54.3962,1
chr20:37195467-37195967,4.950781977329818,57.7238,1
chr7:152579950-152580450,4.46344155742847,0.55462,0
chrX:104803989-104804489,6.337242168318426,11.6273,1
chr20:37007835-37008335,4.614393726401688,27.1704,1
chr3:32873647-32874147,6.087777943467585,10.0146,1
chr5:98771476-98771976,4.3223930472795065,82.9486,1
chr2:231245601-231246101,4.823908740944319,14.4328,1
chr5:3509239-3509739,4.210419287835575,18.5277,1
chrX:48972269-48972769,5.076755981369724,23.8768,1
chr6:43758653-43759153,5.166215625343521,41.2331,1
chr1:117339953-117340453,4.226213555018807,11.2337,1
chr12:91367183-91367683,5.991399828238082,26.4188,1
chr11:86360722-86361222,5.943095148663527,52.4454,1
chr20:2476644-2477144,6.101823516502323,26.5748,1
chrX:23554242-23554742,5.2343314452409855,44.3238,1
chr20:46852697-46853197,4.554395796726403,1.05962,0
chr15:73240820-73241320,8.573488738635424,92.8854,1
chr17:63426315-63426815,4.581698708680254,19.0627,1
chr13:22801333-22801833,6.270025714300444,51.308,1
chrX:62253880-62254380,4.05700040663396,0.05156,0
chr1:224894934-224895434,5.518557371497695,15.2348,1
chr11:70128295-70128795,4.158640529545145,11.73,1
chr5_KI270794v1_alt:32851-33351,4.414539270491499,0.0,0
chr11:67094846-67095346,5.667561540084395,30.6467,1
chr13:52236182-52236682,7.046240308266771,14.777,1
chr1:96845400-96845900,5.300162274132754,21.9326,1
chr10:100240727-100241227,4.718966632752273,16.4278,1
chr10:111281475-111281975,5.402304814074488,32.4251,1
chr20:1397656-1398156,4.578396073130169,13.2201,1
chr19:53055251-53055751,4.213958789757446,0.0508233,0
chr19:9847991-9848491,7.052566278112949,15.1313,1
chr6:43263385-43263885,5.36251027048749,87.8506,1
chr2:112626661-112627161,6.444905551421681,64.9592,1
chr4:111924903-111925403,5.047207556955908,10.0322,1
chr1:205423187-205423687,6.924453038607469,48.6943,1
chr1:15181155-15181655,4.913640169325252,6.14997,1
chr2:1910502-1911002,5.85078088734462,30.9493,1
chr4:60744745-60745245,6.401209493236885,6.08323,1
chr1:168118452-168118952,4.718966632752273,0.229182,0
chr1:16006982-16007482,4.679853713888946,12.3118,1
chr2:235638913-235639413,6.092588639225414,7.02085,1
chr5:3417481-3417981,6.718966632752273,9.89531,1
chr16:29811278-29811778,4.453457336521869,3.1592,1
chr11:6229496-6229996,4.216811308924743,1.44851,0
chr11:32154265-32154765,4.3448615651886175,20.6338,1
chr15:85543586-85544086,4.382999658879101,11.4021,1
chr3:195021628-195022128,4.696803942579511,1.69054,0
chr11:50423144-50423644,4.399027104313252,4.41661,1
chr15:29090667-29091167,6.939302159646388,40.5148,1
chr22:49026688-49027188,5.85078088734462,16.9185,1
chrX:38303940-38304440,5.370590400897281,13.0003,1
chr3:140552349-140552849,5.675717544702307,13.2194,1
chr18:26017857-26018357,4.54515513999149,14.3336,1
chr17:71760273-71760773,4.077793722560983,19.5849,1
chr7:2864956-2865456,7.345823458122039,111.636,1
chr2:181903983-181904483,5.454692883534176,48.0546,1
chr11:45964804-45965304,6.534617148551582,107.291,1
chr19:532746-533246,5.555955204081924,17.539,1
chr9:128295272-128295772,6.709965388637482,103.655,1
chr15:51735175-51735675,4.863279432843593,14.0959,1
chr4:26424795-26425295,6.209011524911184,23.5849,1
chr11:46827901-46828401,4.651695136951839,5.44979,1
chr14:55138104-55138604,4.489454989793388,14.9669,1
chr3:73101013-73101513,6.342944147142896,79.9429,1
chr2:229342542-229343042,6.464705879957229,46.8182,1
chrX:14528583-14529083,6.939302159646388,32.4593,1
chr7:159031781-159032281,4.521433504406157,0.444302,0
chr1:24527127-24527627,6.596879478824183,36.7577,1
chr2:176088226-176088726,4.309803919971486,56.6874,1
chr5:179084246-179084746,4.095284454721319,0.425384,0
chr4:7876081-7876581,4.501689446210399,24.8631,1
chr3:104392290-104392790,6.139063379299906,10.848,1
chr9:114463326-114463826,5.208309350979882,0.42244,0
chr5:140882472-140882972,6.0195421077239,57.9896,1
chr17:13576587-13577087,5.219682687859849,20.6013,1
chr17:8383129-8383629,6.809668301829708,158.295,1
chr5:10288923-10289423,4.0835460514500745,12.0813,1
chr16:19980815-19981315,5.110138278741812,33.5354,1
chr10:96470049-96470549,4.313363730737707,26.4352,1
chr19:58519421-58519921,5.121478204498794,77.1886,1
chr3:8663387-8663887,7.595166283380062,46.7717,1
chr4:82360500-82361000,4.716698771296451,41.8089,1
chr6:51398759-51399259,4.110698297493689,8.7689,1
chr3:153290995-153291495,5.106238237942057,59.4789,1
chr2:110313772-110314272,4.284832642151542,0.05156,0
chr2:195664468-195664968,4.027334407733889,25.0303,1
chr1:157969697-157970197,5.2580609222708015,33.9353,1
chr6:30626516-30627016,4.6252516539898965,10.4893,1
chr1:17125677-17126177,7.302770657240282,89.1748,1
chr10:102169349-102169849,6.906578314837765,95.259,1
chr2:161988418-161988918,4.634512015109101,9.07049,1
chr14:20350824-20351324,4.254144804826272,26.8381,1
chr10:132921631-132922131,4.982966660701219,0.256077,0
chr8:143430710-143431210,7.261219441515631,67.5039,1
chr3:13229546-13230046,5.261219441515631,86.5199,1
chr2:67450148-67450648,5.1438755557577,12.701,1
chr1:226109583-226110083,4.054039296422431,6.07266,1
chr12:129067465-129067965,5.527243550682788,14.2532,1
chr7:32610330-32610830,4.7121982700697735,0.140115,0
chr4:94126614-94127114,5.028724151261895,29.4771,1
chr14:61730700-61731200,5.872895201635193,53.5615,1
chr5:39005533-39006033,4.8124792791635365,48.1772,1
chr4:161063749-161064249,4.254144804826272,0.199324,0
chr3:10516105-10516605,4.581698708680254,18.8102,1
chr16:31868543-31869043,9.995678626217355,67.4011,1
chr2:143034268-143034768,6.651695136951839,148.549,1
chr10:7216688-7217188,4.405607449624573,4.76778,1
chr2:182586403-182586903,4.645891560852599,10.9702,1
chr17:54968010-54968510,4.621602099051862,44.0634,1
chr4:141164952-141165452,4.1438755557577,0.153379,0
chr1:110524601-110525101,6.657577319177793,59.0237,1
chr4:131644580-131645080,4.823908740944319,19.561,1
chr11:58653928-58654428,8.357535479757878,52.7482,1
chr9:136769836-136770336,7.476253533188435,11.5332,1
chr20:38229711-38230211,8.276544327964814,71.3125,1
chr12:59389808-59390308,4.920818753952375,0.392664,0
chr10:11698010-11698510,5.568636235841013,7.90671,1
chr10:131359708-131360208,5.684029654543083,5.66383,1
chrX:152915558-152916058,4.995678626217358,43.8871,1
chr9:133048467-133048967,5.8996294548824375,48.2997,1
chr1:35544950-35545450,4.860120913598763,40.3294,1
chr17:7904895-7905395,4.568636235841013,4.51591,1
chr14_KI270845v1_alt:70712-71212,4.437707135543525,0.0,0
chr11:74449275-74449775,6.074172425375258,59.0661,1
chr5:139872501-139873001,5.025028005701931,7.94432,1
chrX:39149678-39150178,6.782516055786093,28.44,1
chr3:135788909-135789409,5.006563769502388,0.553476,0
chr4:74320404-74320904,5.036212172654444,63.2509,1
chr4:13881777-13882277,4.860120913598763,20.9226,1
chr3:132038190-132038690,5.386158178123931,73.3766,1
chr9:125301143-125301643,4.062983892535186,6.74834,1
chr18:70781791-70782291,5.675717544702307,26.0195,1
chr11:100980111-100980611,5.043351420794797,39.3761,1
chr4:4908390-4908890,4.254144804826272,0.237099,0
chr14:24013883-24014383,6.480172006224281,76.6188,1
chr2:215931205-215931705,5.032452023781138,97.7098,1
chr1:94039448-94039948,7.6595558851598815,49.6992,1
chrX:9862467-9862967,6.115771230367396,36.5732,1
chr1:41495490-41495990,4.809668301829708,17.074,1
chr11:69292278-69292778,6.892790030352131,35.6959,1
chr9:112097671-112098171,5.876148359032914,67.6359,1
chr3:121152532-121153032,5.449771646944906,26.4698,1
chr9:115226070-115226570,4.421360790031928,28.2302,1
chr14:33143514-33144014,4.376750709602099,7.17189,1
chr20:45111860-45112360,7.665546248849069,45.2675,1
chr12:1583417-1583917,6.251037138743839,52.859,1
chr12:64608124-64608624,4.430626090384954,51.147,1
chr7:39703080-39703580,4.198596289982645,14.4375,1
chr12:99767770-99768270,5.860120913598763,41.9019,1
chr8:119768925-119769425,5.882728704344236,64.5677,1
chr3:159266753-159267253,6.549750891680639,40.7458,1
chr11:90249531-90250031,6.367542707815276,17.4083,1
chr8:24207860-24208360,4.373659632624958,11.5781,1
chr6:63574226-63574726,5.978810700930062,56.0215,1
chrX:14032347-14032847,8.199970640755867,52.0072,1
chr1:1858522-1859022,5.494850021680094,18.6489,1
chr2:206693590-206694090,5.147520006363144,55.7072,1
chr3:19885327-19885827,5.319664486585437,58.6039,1
chr2:206154166-206154666,5.522878745280337,24.373,1
chr3:79369312-79369812,4.518557371497695,23.885,1
chr21:41589098-41589598,7.001304841688344,23.369,1
chr11:19742647-19743147,6.694648630553377,61.1283,1
chr9:128438523-128439023,9.00788851221305,82.2309,1
chr8:126876519-126877019,5.642065152999546,117.367,1
chr1:152735597-152736097,6.485452247339714,32.9962,1
chr3:142828634-142829134,4.033389013318065,59.6803,1
chrX:102958694-102959194,4.790484985457369,15.2985,1
chr11:57415854-57416354,4.269217724333611,0.217823,0
chr10:26503804-26504304,4.696803942579511,16.4689,1
chr14:53217414-53217914,4.928117992693875,13.9443,1
chr16:31458042-31458542,4.319664486585437,10.6682,1
chr3:154076632-154077132,4.071604147743286,0.352113,0
chr17:49496268-49496768,5.735182176990463,16.3108,1
chr12:6735605-6736105,6.91721462968355,55.0007,1
chr10:88565014-88565514,4.841637507904751,34.1544,1
chr7:140525163-140525663,4.254144804826272,0.11642,0
chr3:188929129-188929629,4.671620396561262,19.5393,1
chrX:80647980-80648480,5.785156151952302,25.4083,1
chr12:56987663-56988163,6.832682665251824,68.9019,1
chr8:106617772-106618272,6.367542707815276,29.0798,1
chr8:22561785-22562285,6.540607512240769,40.0912,1
chr1:115463326-115463826,4.769551078621726,74.8188,1
chr16:84511455-84511955,8.48412615628832,109.194,1
chr4:100912930-100913430,5.1700533040583645,4.41439,1
chr13:24997317-24997817,4.844663962534939,47.8962,1
chrX:116749812-116750312,5.1700533040583645,14.0103,1
chr3:101573493-101573993,4.531652669587842,64.2073,1
chr14:97250951-97251451,4.354577730650908,10.3827,1
chr5:81192278-81192778,6.056011124926228,8.13791,1
chr4:33060884-33061384,5.764471553092451,58.0636,1
chr9:123091409-123091909,5.609064892896621,32.1258,1
chr10:18616233-18616733,4.798602875679548,8.44384,1
chr12:122880703-122881203,5.223298816011589,50.8392,1
chr17:81129256-81129756,4.350665141287858,10.4276,1
chr11:17988425-17988925,4.844663962534939,0.199771,0
chrX:50747538-50748038,5.269217724333611,49.532,1
chr7:134750044-134750544,8.396855627379818,43.8318,1
chr11:10878613-10879113,5.91721462968355,27.8532,1
chr12:104877054-104877554,4.080398976215889,58.0963,1
chr16:66274178-66274678,6.204119982655925,61.2564,1
chr22:17829906-17830406,5.798602875679548,67.7736,1
chr14:60562090-60562590,5.316052869248487,95.6708,1
chr1:230346533-230347033,4.1073489661227,0.420852,0
chr2:9555491-9555991,5.200659450546418,25.8935,1
chr10:133351979-133352479,5.531652669587842,3.82484,1
chr9:132823581-132824081,4.476253533188435,8.85972,1
chr10:44310950-44311450,6.459670525209126,18.8493,1
chr2:207344934-207345434,5.58838029403677,19.6669,1
chr4:169152846-169153346,5.261219441515631,9.43819,1
chr2:164430112-164430612,5.752026733638194,50.3193,1
chr17:64497225-64497725,4.995678626217358,77.9965,1
chr10:84114044-84114544,4.066006836168758,20.7368,1
chr15:60905541-60906041,5.189095719331299,18.1582,1
chr20:63520491-63520991,4.730487055782084,0.507738,0
chr12:47032492-47032992,5.679853713888946,54.1427,1
chr5:91499867-91500367,6.22767829327708,52.6328,1
chr11:122754477-122754977,6.610833915635467,31.2009,1
chr16:5239458-5239958,7.774690718274137,12.3634,1
chr16:88948734-88949234,4.790484985457369,36.4459,1
chr15:29925786-29926286,6.94692155651658,108.273,1
chr14:81062751-81063251,5.095284454721319,49.0658,1
chr22:46568138-46568638,5.246416941107094,5.35121,1
chr17:79974757-79975257,5.33913452199613,14.3563,1
chr2:21175734-21176234,6.570247719997592,24.6916,1
chr11:16613573-16614073,5.36251027048749,45.5207,1
chr5:150256299-150256799,5.692503962086787,8.67846,1
chr6:42901369-42901869,6.246416941107094,58.4728,1
chr10:17781823-17782323,5.692503962086787,6.66088,1
chr16:20691613-20692113,5.437707135543525,133.321,1
chr12:93097954-93098454,7.6595558851598815,22.1432,1
chr1:204127573-204128073,6.939302159646388,140.348,1
chr2:85679120-85679620,5.856985199745905,91.354,1
chr14:36659978-36660478,4.080398976215889,36.1564,1
chr3:80785403-80785903,4.632644078973981,46.1837,1
chr3:50675224-50675724,5.692503962086787,15.1205,1
chr20:11271323-11271823,4.373659632624958,6.40357,1
chr2:179876200-179876700,4.528708288941061,8.66702,1
chr14:39015321-39015821,4.449771646944906,87.8785,1
chr10:1755485-1755985,5.962573502059376,21.1285,1
chr15:25556954-25557454,4.015472686656207,0.172201,0
chr20:58234062-58234562,5.692503962086787,74.662,1
chr14:69261010-69261510,5.920818753952375,10.3457,1
chr19:50929765-50930265,6.657577319177793,65.0956,1
chr6:25312788-25313288,5.406713932979542,7.03145,1
chr14:77315845-77316345,8.086186147616283,84.1358,1
chr1:24593431-24593931,5.417936637088292,30.941,1
chr15:94412886-94413386,5.701146923590294,62.475,1
chr12:113818794-113819294,6.91721462968355,23.7537,1
chr1:146966198-146966698,6.246416941107094,20.7164,1
chr17:52709575-52710075,4.747146969020107,0.140878,0
chr3:13452676-13453176,5.211831628858833,81.2963,1
chr17:10357715-10358215,7.812479279163537,35.6439,1
chr8:12180458-12180958,5.386158178123931,0.0972913,0
chr14:86035819-86036319,4.128427064454121,18.7071,1
chr17:17870281-17870781,4.896196279044043,9.93275,1
chr3:34683812-34684312,5.580044251510242,54.9166,1
chr5:120447774-120448274,4.747146969020107,5.83819,1
chr3:134308304-134308804,7.243363891754152,125.342,1
chr11:32893232-32893732,4.7447274948966935,17.5567,1
chr19:50922178-50922678,6.549750891680639,76.6165,1
chr17:71460886-71461386,5.129011186239425,30.6795,1
chr16:74624862-74625362,4.254144804826272,0.263552,0
chr2:31427898-31428398,5.238824186844268,9.92822,1
chr10:96340244-96340744,6.2604276555499085,42.7124,1
chr6:117118368-117118868,4.835647144215563,0.227631,0
chr1:30782819-30783319,4.4698003017969175,34.9826,1
chr4:64584905-64585405,6.91721462968355,15.0685,1
chr13:45544421-45544921,4.1438755557577,10.105,1
chr10:132223207-132223707,6.6777807052660805,95.1837,1
chr11:2175817-2176317,4.110698297493689,0.0899967,0
chr12:2674430-2674930,7.035269078946371,6.07073,1
chr10:59309187-59309687,4.764471553092451,0.517204,0
chr1:190373639-190374139,5.585026652029182,94.0179,1
chr3:9302506-9303006,5.154901959985743,154.468,1
chr1:56577256-56577756,4.501689446210399,20.8129,1
chr3:84077434-84077934,4.465973893943865,10.0391,1
chr6:56945979-56946479,4.542118103266008,0.271401,0
chr4:6334946-6335446,5.173925197299174,7.32584,1
chr2:240066431-240066931,4.995678626217358,17.0232,1
chr6:81980158-81980658,4.896196279044043,16.2598,1
chr3:43223586-43224086,5.458420756053419,20.6369,1
chr2:117917403-117917903,6.087777943467585,32.026,1
chr15:84928120-84928620,4.201349354554731,150.526,1
chr2:127051059-127051559,5.752026733638194,8.12012,1
chr14:106185786-106186286,5.600326278518962,21.109,1
chr8:17912533-17913033,4.511449283499556,34.7009,1
chr7:39519846-39520346,6.642065152999546,58.6665,1
chr17:27332800-27333300,7.197910742118268,58.2785,1
chr15:42704339-42704839,5.242603971206976,69.2594,1
chr3:31768632-31769132,6.72584215073632,33.7235,1
chr17:82236489-82236989,5.543633966870957,69.4987,1
chr1:115138823-115139323,5.735182176990463,105.703,1
chr15:77916964-77917464,5.804100347590766,2.36432,0
chr8:84186881-84187381,5.057991946977687,18.8873,1
chr14:105537789-105538289,6.6777807052660805,73.4222,1
chr1:3621125-3621625,5.823908740944319,20.9425,1
chr1:240946875-240947375,5.102372908709558,45.7829,1
chr17:54891161-54891661,4.958607314841775,73.9999,1
chr14:77862123-77862623,7.764471553092451,113.048,1
chr6:41367615-41368115,5.1249387366083,83.7335,1
chr5:173294060-173294560,7.058488567365597,90.7812,1
chr15:88664355-88664855,4.281498311132726,25.9372,1
chr10:121994379-121994879,4.931814138253839,10.2048,1
chr7:5781674-5782174,5.230622673923862,65.3725,1
chr2:177334889-177335389,7.818156412055227,81.9079,1
chr10:100743518-100744018,6.5301779840218375,55.8281,1
chr15:51982185-51982685,5.284832642151542,106.403,1
chr17:76868099-76868599,8.020907099361674,27.2103,1
chr1:84252022-84252522,4.086716098239582,0.19542,0
chr11:75330853-75331353,4.571865205971212,0.273894,0
chr17:57999453-57999953,7.34008379993015,137.894,1
chr22:39807982-39808482,6.209011524911184,6.4736,1
chr7:2762571-2763071,4.46344155742847,0.246212,0
chr21:42006174-42006674,4.575118363368933,9.39265,1
chr16:20602218-20602718,5.815308569182402,46.6277,1
chr17:37770868-37771368,4.421360790031928,32.9484,1
chr9:13034119-13034619,4.548213564475709,60.3781,1
chr15:41184794-41185294,5.430626090384954,23.9418,1
chrX:19888432-19888932,5.962573502059376,36.4816,1
chr15:41580986-41581486,4.437707135543525,40.4017,1
chr19:6354060-6354560,6.157390760389438,10.323,1
chr17:73560631-73561131,4.987162775294828,18.6925,1
chr9:114082414-114082914,8.651695136951838,88.54,1
chr21:41378824-41379324,5.366531544420414,30.9904,1
chr9:133329460-133329960,5.823908740944319,24.2309,1
chr18:27005543-27006043,4.531652669587842,26.0999,1
chr10:3231832-3232332,4.863279432843593,7.63908,1
chr10:1420789-1421289,6.638272163982407,98.764,1
chr4:119314311-119314811,6.752026733638194,36.8361,1
chr18:27750011-27750511,5.663540266151471,13.6347,1
chr7:105033382-105033882,4.376750709602099,0.285318,0
chr9:69422110-69422610,7.168770306132937,70.2345,1
chr18:42596140-42596640,5.978810700930062,24.5586,1
chr9:110183151-110183651,7.017728766960432,85.4991,1
chr11:6667752-6668252,4.316052869248487,21.7474,1
chr3:172140319-172140819,4.386158178123931,4.12517,1
chr3:28476134-28476634,5.769551078621726,45.2934,1
chr11:120802188-120802688,4.692503962086787,40.6873,1
chr19:13093698-13094198,9.22257317761069,70.7481,1
chr7:159125358-159125858,4.614393726401688,0.520917,0
chr7:100691574-100692074,6.284832642151542,101.261,1
chr15:78195604-78196104,7.7594507517174,129.149,1
chr9:127537739-127538239,4.982966660701219,30.0377,1
chr19:3986312-3986812,4.610833915635467,28.9154,1
chr14:75880496-75880996,6.115771230367396,4.38114,1
chr7:95843299-95843799,5.576754126063192,18.7736,1
chr5:90932077-90932577,6.480172006224281,50.8958,1
chr4:95204816-95205316,5.634512015109101,23.4604,1
chr19:43210731-43211231,5.642065152999546,15.8142,1
chr14:105374571-105375071,4.207608310501746,15.1922,1
chr1:11552289-11552789,4.347753658996677,0.206254,0
chr17:55303650-55304150,4.785156151952302,7.71797,1
chr1:64137031-64137531,6.22767829327708,74.2255,1
chr9:127921697-127922197,6.0695604052333,44.3766,1
chr17:34892807-34893307,5.158640529545145,39.9641,1
chr2:188512419-188512919,5.645891560852599,50.5513,1
chr3:119830974-119831474,6.5301779840218375,24.2754,1
chr16:96834-97334,10.094743951251548,194.084,1
chr20:31722697-31723197,5.503070351926785,37.2298,1
chr20:138549-139049,4.366531544420414,0.395858,0
chr8:22887842-22888342,5.410050398674292,7.4654,1
chr17:19261793-19262293,4.634512015109101,0.125686,0
chr20:41352376-41352876,4.696803942579511,15.0597,1
chr11:118068551-118069051,5.173925197299174,9.54244,1
chr1:219837667-219838167,6.270025714300444,47.7651,1
chr11:65250285-65250785,5.841637507904751,37.8451,1
chr15:95323751-95324251,4.044793462458058,11.6003,1
chr6:108453524-108454024,5.346787486224656,8.38628,1
chr5:24633654-24634154,6.139063379299906,60.9882,1
chr14:89308183-89308683,4.300162274132754,5.43513,1
chr19:18450841-18451341,6.554395796726403,69.7218,1
chr2:152441921-152442421,6.223298816011589,4.06564,1
chr4:3480466-3480966,6.209011524911184,81.0767,1
chr5:163306360-163306860,6.718966632752273,31.4611,1
chr3:124468124-124468624,5.651695136951839,114.204,1
chr11:40294004-40294504,6.647817481888637,76.6826,1
chr13:48749626-48750126,5.609064892896621,20.1301,1
chr1:18324165-18324665,7.110138278741812,5.73994,1
chr2:13201867-13202367,5.769551078621726,41.0383,1
chr1:96524201-96524701,4.841637507904751,8.96375,1
chr8:127305196-127305696,4.300162274132754,5.58949,1
chr9:35096041-35096541,5.61261017366127,61.3533,1
chr3:194671384-194671884,5.609064892896621,65.382,1
chr3:97705727-97706227,5.025028005701931,4.1302,1
chrX:57929333-57929833,5.962573502059376,28.6471,1
chr7:100569241-100569741,4.168130225719499,27.3981,1
chr2:60805333-60805833,5.860120913598763,13.741,1
chrX:52934670-52935170,6.82102305270683,61.1023,1
chr12:97673029-97673529,4.823908740944319,0.0972913,0
chr19:43723513-43724013,5.58838029403677,16.4992,1
chr1:8831267-8831767,5.425968732272281,12.2217,1
chr2:17171380-17171880,4.015472686656207,32.1606,1
chr3:184354191-184354691,8.769551078621726,56.8451,1
chr12:107621963-107622463,5.735182176990463,26.3986,1
chr5:170411011-170411511,4.571865205971212,6.11738,1
chr2:179440585-179441085,7.394694953858891,60.5524,1
chr2:239143780-239144280,5.486782399932061,41.728,1
chr13:20353934-20354434,4.0301183562535,15.8069,1
chr6:30544811-30545311,4.931814138253839,36.7928,1
chr3:135736717-135737217,5.906578314837765,14.492,1
chr3:130759665-130760165,6.396855627379818,81.1734,1
chr2:201118441-201118941,4.94692155651658,29.5115,1
chr15:91973475-91973975,4.87942606879415,25.2936,1
chr19:3761504-3762004,5.913640169325252,23.4892,1
chr12:78288199-78288699,4.116338564846382,10.0778,1
chr10:101161684-101162184,7.402304814074488,81.8375,1
chr12:55073009-55073509,6.033389013318065,80.2553,1
chr17:75131487-75131987,5.230622673923862,21.2734,1
chr10:89369449-89369949,5.304518323509803,52.0801,1
chr4:72303074-72303574,8.108462542327436,45.9171,1
chr9:124894570-124895070,5.522878745280337,49.805,1
chr16:1863569-1864069,6.449771646944906,36.9823,1
chr1:28775547-28776047,5.1249387366083,8.71583,1
chr17:41963090-41963590,6.0835460514500745,60.0334,1
chr13:108728300-108728800,4.962573502059376,14.0881,1
chr4:77308799-77309299,6.480172006224281,39.6452,1
chr10:77719486-77719986,5.006563769502388,64.9944,1
chr4:37068521-37069021,5.527243550682788,10.38,1
chr7:122532602-122533102,6.010550182333308,31.9307,1
chr20:63323189-63323689,5.080398976215889,13.0378,1
chr2:187580610-187581110,5.478861916295964,53.617,1
chr9:109183296-109183796,6.4156687756324695,86.5952,1
chr3:66989762-66990262,5.366531544420414,19.7125,1
chr17:57085387-57085887,4.453457336521869,15.7554,1
chr6:149934107-149934607,7.764471553092451,65.6558,1
chr14:80037358-80037858,5.230622673923862,6.49381,1
chr13:110108843-110109343,4.562249437179612,41.7,1
chr4:17112176-17112676,7.052566278112949,6.62396,1
chr3:23697176-23697676,5.006563769502388,0.285471,0
chr15:45714470-45714970,4.557520230935552,65.3905,1
chr16:30041844-30042344,6.1249387366083,87.4087,1
chr18:31506316-31506816,5.671620396561262,50.8738,1
chr10:59388536-59389036,5.080398976215889,6.61871,1
chr3:102235624-102236124,6.787812395596042,63.8971,1
chr12:6570208-6570708,5.790484985457369,40.1534,1
chr1:43529026-43529526,5.1700533040583645,74.8183,1
chr15:47027508-47028008,5.454692883534176,12.7508,1
chr4:147018995-147019495,5.327902142064283,53.4438,1
chr11:69912913-69913413,6.337242168318426,53.3305,1
chr15:101641106-101641606,4.8124792791635365,134.501,1
chr3:108589793-108590293,4.478861916295964,12.1511,1
chrX:39439128-39439628,5.785156151952302,6.49417,1
chr11:95835956-95836456,4.376750709602099,47.1619,1
chr8:16120520-16121020,5.730487055782084,21.3743,1
chr14:106257497-106257997,9.349692476868064,50.6494,1
chr17:50956720-50957220,5.106238237942057,114.365,1
chr9:92729315-92729815,5.856985199745905,65.7824,1
chr13:72651182-72651682,4.6595558851598815,8.24264,1
chr6:32918325-32918825,4.350665141287858,0.313327,0
chr17:78798904-78799404,7.052566278112949,36.8577,1
chr1:8445259-8445759,4.039053804266168,0.277364,0
chr9:96651580-96652080,4.46344155742847,51.3754,1
chr5:36875780-36876280,4.609064892896621,28.3248,1
chr10:84927555-84928055,4.634512015109101,42.5669,1
chr17:32203390-32203890,6.761953896871205,8.21971,1
chr21:44892710-44893210,6.35261702988538,113.41,1
chr6:33082630-33083130,5.806875401645538,19.1192,1
chr1:242277187-242277687,5.06198090252379,0.05156,0
chr10:55668254-55668754,4.229147988357856,32.7947,1
chr2:73684883-73685383,5.098541678603888,14.7382,1
chr4:188034380-188034880,4.303643611266668,0.148353,0
chr11:97557378-97557878,4.101274818410507,12.1184,1
chr12:74689009-74689509,5.85078088734462,66.6852,1
chr2:75574042-75574542,4.614393726401688,7.02768,1
chr1:229453173-229453673,5.374687549038326,56.8056,1
chr15:50908374-50908874,7.818156412055227,108.447,1
chr8_KI270816v1_alt:48326-48826,4.275724130399211,0.0,0
chr14:67933951-67934451,5.747146969020107,130.366,1
chr6:30821869-30822369,6.673664139071248,39.4331,1
chr8:37701553-37702053,4.617982957425132,14.425,1
chr3:42811-43311,6.129596094720973,37.1258,1
chr5:31825428-31825928,6.1944991418416,67.4546,1
chr12:103833823-103834323,5.458420756053419,16.957,1
chr14:23078792-23079292,4.730487055782084,3.09772,1
chr22:44697322-44697822,7.995678626217358,33.2632,1
chr8:76367924-76368424,7.718966632752273,62.0494,1
chr1:181206821-181207321,4.012780770091995,0.185714,0
chr6:128807512-128808012,5.518557371497695,31.3533,1
chr12:127559704-127560204,4.45717457304082,5.11394,1
chr7:66049809-66050309,4.437707135543525,7.09365,1
chr7:150738961-150739461,4.086716098239582,30.0324,1
chr8:100559600-100560100,6.313363730737707,120.383,1
chr3:96236207-96236707,4.300162274132754,7.37719,1
chr7:142496663-142497163,7.928117992693875,47.2893,1
chr2:109146162-109146662,5.350665141287858,0.348321,0
chr8:35610083-35610583,4.210419287835575,0.197394,0
chr4:141156710-141157210,5.300162274132754,8.3232,1
chr5:176657922-176658422,4.995678626217358,78.0075,1
chr9:96317293-96317793,8.705533773838408,104.814,1
chr13:47399552-47400052,5.069050968832477,4.45621,1
chr12:92649899-92650399,5.1249387366083,60.4057,1
chr5:39148836-39149336,5.095284454721319,26.0012,1
chr20:32197063-32197563,5.33913452199613,13.8761,1
chr8:73665392-73665892,6.129596094720973,44.2034,1
chr17:78362889-78363389,4.73754891026957,4.65939,1
chr1:165048345-165048845,4.3448615651886175,0.108049,0
chr7:100545611-100546111,4.039053804266168,8.81626,1
chr21:19507630-19508130,5.039529222465701,27.829,1
chr14:95027083-95027583,5.36251027048749,9.09348,1
chr19:28242246-28242746,4.832682665251824,36.0823,1
chr4:92047474-92047974,4.675717544702307,10.7156,1
chr14:49656918-49657418,4.906578314837765,10.2477,1
chr1:175434227-175434727,6.962573502059376,9.40518,1
chr20:5806380-5806880,5.158640529545145,9.50722,1
chr4:138981772-138982272,4.818156412055227,9.35712,1
chr15:94666502-94667002,5.269217724333611,28.8904,1
chrX:40785159-40785659,5.139661993429006,0.630561,0
chr3:40191803-40192303,4.847711655616943,45.1382,1
chr17:75632843-75633343,9.365522729839268,166.155,1
chr22:29394912-29395412,4.931814138253839,82.687,1
chr22:46036935-46037435,4.309803919971486,27.4589,1
chr17:51129669-51130169,5.473660722610156,0.453227,0
chr7:1556203-1556703,6.270025714300444,69.0396,1
chr9:79758039-79758539,5.621602099051862,41.8864,1
chr3:79497426-79497926,5.882728704344236,48.6861,1
chr7:30412983-30413483,5.655607726314889,60.691,1
chr2:227377887-227378387,4.044793462458058,9.95465,1
chr1:223684146-223684646,4.8124792791635365,50.251,1
chr2:106248495-106248995,6.59176003468815,13.3555,1
chr8:90327567-90328067,5.543633966870957,4.13254,1
chr1:26391403-26391903,6.673664139071248,44.6632,1
chr2:203396690-203397190,4.655607726314889,39.8776,1
chr11:32362027-32362527,4.4723700991286615,0.195747,0
chr12:6869519-6870019,8.302770657240282,48.8913,1
chr16:3163287-3163787,4.041914151478915,24.4336,1
chr10:61943576-61944076,4.46344155742847,6.6656,1
chr6:163427737-163428237,4.201349354554731,17.6743,1
chr15:58212863-58213363,6.166852888087215,33.4257,1
chr1:68590415-68590915,4.696803942579511,14.0951,1
chr19:34639433-34639933,6.411168274405793,30.6476,1
chr2:223456402-223456902,4.632644078973981,8.33164,1
chr16:71724008-71724508,4.137868620686963,5.74389,1
chr6:166951286-166951786,5.645891560852599,15.6742,1
chr16:81932704-81933204,4.447331783887806,11.5633,1
chr12:103768688-103769188,5.311580177997289,10.2195,1
chr8:67784805-67785305,5.785156151952302,33.8489,1
chr20:48986842-48987342,5.417936637088292,64.5743,1
chr2:33395611-33396111,5.531652669587842,41.4886,1
chr4:54961325-54961825,5.069050968832477,46.3548,1
chr10:84429845-84430345,6.361510743045363,56.5266,1
chr5:168422418-168422918,4.33161408331,50.0686,1
chr2:187499896-187500396,7.023650020996727,72.6398,1
chr5:50325192-50325692,6.772113295386326,66.3876,1
chr4:75573474-75573974,7.488116639021126,159.771,1
chr14:84106818-84107318,4.417936637088292,0.100553,0
chrX:121578960-121579460,5.043351420794797,43.8843,1
chr14:100146490-100146990,6.600326278518962,7.92413,1
chr2:219836608-219837108,5.350665141287858,46.9713,1
chr15:96395654-96396154,4.38933983691012,9.66795,1
chr9:96327691-96328191,4.634512015109101,72.0833,1
chr11:73375976-73376476,4.476253533188435,58.5999,1
chr6:157339373-157339873,4.779891911959945,19.1559,1
chr9:92293613-92294113,4.424812155072339,23.4573,1
chr13:51845014-51845514,4.542118103266008,54.3411,1
chr11:58675505-58676005,7.913640169325252,41.5728,1
chr5:170986541-170987041,4.275724130399211,40.1569,1
chrX:147129282-147129782,4.262807357295263,0.223263,0
chr3:20037556-20038056,4.357535479757878,17.3218,1
chr16:87702309-87702809,6.474955192963154,38.7236,1
chr9:36190281-36190781,4.756961951313706,41.1174,1
chr20:53176086-53176586,6.106238237942057,6.86887,1
chr2:173667381-173667881,4.505845405981558,20.786,1
chr9:93154232-93154732,5.465973893943865,57.0107,1
chr17:2675243-2675743,7.79317412396815,37.5886,1
chr5:152271362-152271862,5.374687549038326,75.7839,1
chr15:40906274-40906774,7.402304814074488,28.1192,1
chr11:123544442-123544942,4.101274818410507,0.161384,0
chr18:71482246-71482746,4.478861916295964,0.121139,0
chr15:98523187-98523687,6.042392712939905,10.3232,1
chr18:54950175-54950675,4.42712839779952,42.0393,1
chr17:60218335-60218835,4.254144804826272,0.109684,0
chr10:35252451-35252951,4.705533773838407,8.15192,1
chr2:120833059-120833559,5.634512015109101,4.88009,1
chr1:124596608-124597108,4.125518182300533,0.05156,0
chr1:85605981-85606481,5.548213564475709,15.1334,1
chr8:19870234-19870734,7.09312646527793,18.9231,1
chr12:60494215-60494715,6.958607314841775,80.5747,1
chr6:53550146-53550646,4.254144804826272,0.0520355,0
chr12:89051020-89051520,5.571865205971212,88.9602,1
chr6:105793064-105793564,5.982966660701219,11.6325,1
chr2:231706945-231707445,6.485452247339714,65.4112,1
chr1:92960278-92960778,5.366531544420414,42.2769,1
chr6:152485576-152486076,4.216811308924743,32.7942,1
chr2:185738822-185739322,6.860120913598763,61.5519,1
chr3:12194545-12195045,5.1438755557577,85.6475,1
chr8:56742103-56742603,4.024568191490737,4.31276,1
chr2:166057296-166057796,5.978810700930062,29.0058,1
chr3:30562019-30562519,4.303643611266668,0.231615,0
chr9:75200832-75201332,7.133122185662502,42.2088,1
chr10:118568229-118568729,5.642065152999546,31.5891,1
chr15:66923518-66924018,6.317854923626168,58.0428,1
chr5:60855420-60855920,4.366531544420414,0.200075,0
chr9:129726533-129727033,5.510041520575165,105.043,1
chr22:41597212-41597712,5.084072788302884,28.3224,1
chr2:229342343-229342843,6.464705879957229,58.7252,1
chr5:111671010-111671510,4.482804102050026,6.3247,1
chr1:161642697-161643197,4.709965388637482,9.13503,1
chr6:170150490-170150990,5.219682687859849,10.6477,1
chr1:180515752-180516252,5.634512015109101,59.7281,1
chr1:164440134-164440634,5.8696662315049934,14.5748,1
chr18:47215468-47215968,5.102372908709558,42.696,1
chr11:17412669-17413169,5.129011186239425,13.3375,1
chr8:126698908-126699408,5.609064892896621,111.234,1
chr7:51357773-51358273,5.490797477668897,29.1039,1
chr20:3117852-3118352,4.806875401645539,59.8325,1
chr8:139628996-139629496,5.129011186239425,16.4433,1
chr13:110915022-110915522,6.504455662453552,25.1107,1
chrX:108584545-108585045,6.204119982655925,30.5173,1
chr3:184039927-184040427,4.39577394691553,56.5379,1
chr12:3299814-3300314,6.642065152999546,52.8967,1
chr7:103061847-103062347,4.068542129310995,68.7459,1
chr12:132392699-132393199,6.028724151261895,25.7235,1
chr14:89936626-89937126,5.534617148551582,17.4182,1
chrX:122739728-122740228,5.132532512140949,17.3558,1
chr4:8585188-8585688,4.931814138253839,31.0512,1
chr11:63763034-63763534,6.809668301829708,5.95166,1
chr16:60203495-60203995,5.769551078621726,29.8266,1
chr10:80169025-80169525,6.714442690992226,9.75904,1
chr9:5799169-5799669,5.798602875679548,75.3487,1
chr6:19869400-19869900,5.327902142064283,23.8849,1
chr6:88477370-88477870,5.076755981369724,10.2985,1
chr14:68598579-68599079,4.443697499232712,0.93751,0
chr6:110040046-110040546,5.173925197299174,80.8784,1
chr8:97856490-97856990,5.102372908709558,12.8808,1
chr11:94786475-94786975,4.080398976215889,23.572,1
chr9:97399077-97399577,7.899629454882437,93.6196,1
chr7:22110203-22110703,5.913640169325252,131.555,1
chr15:74621010-74621510,5.609064892896621,183.088,1
chr3:554604-555104,4.698970004336019,0.239145,0
chr21:9958720-9959220,6.596879478824183,5.59623,1
chr8:23755111-23755611,4.177178354696896,26.0661,1
chr9:36743043-36743543,5.177831920631983,0.238196,0
chr8:41828749-41829249,5.718966632752273,37.5146,1
chr5:74919426-74919926,4.987162775294828,30.744,1
chr13:69524417-69524917,5.962573502059376,17.622,1
chr7:30510048-30510548,6.246416941107094,86.2207,1
chr1:29195497-29195997,4.018634490921456,0.250728,0
chr11:123111322-123111822,5.785156151952302,41.9655,1
chr4:41483549-41484049,4.012780770091995,0.189707,0
chr12:109093316-109093816,8.056011124926227,73.3427,1
chr8:43093158-43093658,5.876148359032914,11.9569,1
chr1:246497246-246497746,5.987162775294828,45.4372,1
chr10:80596600-80597100,4.411168274405793,19.7165,1
chr4:55956697-55957197,4.764471553092451,12.7961,1
chr17:70629867-70630367,5.958607314841775,37.7915,1
chr13:108342329-108342829,5.177831920631983,27.5564,1
chr10:79929357-79929857,7.913640169325252,53.057,1
chr3:168249729-168250229,5.139661993429006,25.4244,1
chr16:85169187-85169687,5.1249387366083,0.117044,0
chr22:32985960-32986460,6.411168274405793,51.4834,1
chr12:47802206-47802706,4.82102305270683,23.074,1
chr16:5505671-5506171,5.7594507517174005,0.396199,0
chr12:100671969-100672469,8.29413628771608,51.404,1
chr6:169950543-169951043,6.391473966422806,45.6128,1
chr13:46554534-46555034,4.254144804826272,8.29615,1
chrX:128781450-128781950,7.023650020996727,39.4885,1
chr9:113655330-113655830,5.58838029403677,80.7357,1
chr6:132259022-132259522,4.565431095965801,17.8205,1
chr7:142188806-142189306,5.151195298948196,47.1831,1
chr2:68244375-68244875,5.580044251510242,12.7184,1
chr2:63023412-63023912,5.559090917934783,47.3141,1
chr13:39942713-39943213,6.504455662453552,174.372,1
chr12:69946684-69947184,5.671620396561262,4.28066,1
chr7:107201797-107202297,5.300162274132754,62.9883,1
chr5:81425452-81425952,5.33161408331,40.2871,1
chr22:23173850-23174350,4.962573502059376,47.5307,1
chr13:20828470-20828970,5.61261017366127,77.5377,1
chr2:105235570-105236070,5.798602875679548,70.582,1
chr17:76279416-76279916,8.302770657240282,99.6484,1
chr10:128069295-128069795,7.345823458122039,53.4603,1
chr1:44748047-44748547,4.6595558851598815,4.88036,1
chr5:100900056-100900556,4.91721462968355,17.9054,1
chr14:21940815-21941315,5.490797477668897,45.5753,1
chr17:21456960-21457460,5.667561540084395,56.997,1
chr1:17826058-17826558,7.469800301796917,24.7067,1
chr19:42596415-42596915,6.694648630553377,82.3,1
chr12:26402586-26403086,5.350665141287858,31.7973,1
chr19:4791013-4791513,6.924453038607469,59.5177,1
chr1:204503094-204503594,5.97061622231479,95.6982,1
chrX:149825374-149825874,7.058488567365597,18.6542,1
chr15:31099248-31099748,4.3448615651886175,8.3262,1
chr19:5805767-5806267,6.43533393574791,27.764,1
chr19:35055603-35056103,4.681936665037238,36.3892,1
chr17:67778949-67779449,6.844663962534939,93.2051,1
chr1:18972418-18972918,5.696803942579511,10.3638,1
chr3:122573101-122573601,4.033389013318065,10.2075,1
chr2:215553897-215554397,5.97469413473523,7.05939,1
chrX:46554936-46555436,5.114073660198569,31.5754,1
chr22:37606962-37607462,6.294136287716081,44.6935,1
chr13:34236171-34236671,4.074687908500351,0.430825,0
chr11:92136741-92137241,4.928117992693875,17.4998,1
chr3:150793592-150794092,5.51427857351842,5.08448,1
chr12:52252030-52252530,5.458420756053419,21.8663,1
chr5:39578816-39579316,5.655607726314889,35.5044,1
chr10:17115544-17116044,4.24184537803261,5.29352,1
chr2:73907866-73908366,4.498940737782249,22.712,1
chr17:76681174-76681674,5.718966632752273,80.2803,1
chr14:59582727-59583227,5.6595558851598815,3.70865,1
chr3:170063214-170063714,4.254144804826272,0.150358,0
chr15:88450143-88450643,5.568636235841013,83.8969,1
chr2:25041249-25041749,5.494850021680094,22.856,1
chr1:31670028-31670528,4.82102305270683,21.0742,1
chr11:12236409-12236909,6.246416941107094,40.0234,1
chr1:209875485-209875985,4.844663962534939,14.7862,1
chr2:109736186-109736686,6.59176003468815,60.6928,1
chr4:39976582-39977082,4.723538195826756,37.8627,1
chrX:22666402-22666902,5.978810700930062,8.39047,1
chr7:32261821-32262321,5.261219441515631,11.7657,1
chr2:48470899-48471399,5.280668713016273,50.2114,1
chr11:63901615-63902115,5.434152181326482,36.8837,1
chr14:23379891-23380391,5.872895201635193,90.5753,1
chr9:26425741-26426241,4.036212172654444,0.33585,0
chr12:64678216-64678716,4.928117992693875,46.0735,1
chr4:140037960-140038460,4.610833915635467,1.86663,0
chr15:75921688-75922188,5.311580177997289,62.0829,1
chr2:178891356-178891856,5.18111458540599,62.7682,1
chr2:120203859-120204359,4.279014255846261,18.2343,1
chr14:96852787-96853287,4.33161408331,42.5984,1
chr18:31436835-31437335,5.33161408331,8.48365,1
chr1:156319545-156320045,7.052566278112949,54.5811,1
chr3:112654905-112655405,4.958607314841775,8.97087,1
chr2:100427603-100428103,4.45717457304082,41.6281,1
chr11:77127274-77127774,7.023650020996727,122.456,1
chr19:11797352-11797852,6.688246138944246,38.5745,1
chr3:142279945-142280445,5.265200170411153,59.8645,1
chr5:75584588-75585088,5.531652669587842,49.5246,1
chr5:154967579-154968079,5.812479279163537,34.7964,1
chr1:54945033-54945533,7.156144577376839,43.3045,1
chr2:72150301-72150801,4.709965388637482,72.2849,1
chr11:65352745-65353245,5.860120913598763,33.1989,1
chr1:168145695-168146195,4.071604147743286,65.4402,1
chr5:88724161-88724661,6.148130399270234,38.8948,1
chr19:7737138-7737638,4.642065152999546,0.33553,0
chr22:25235752-25236252,6.815308569182402,72.2843,1
chr14:23539519-23540019,5.876148359032914,59.1715,1
chr3:144314830-144315330,4.155522824254319,0.119108,0
chr12:52187190-52187690,4.764471553092451,5.36553,1
chr6:19851783-19852283,4.525783735923745,88.2244,1
chr5:150045432-150045932,5.6252516539898965,26.4454,1
chr4:97172693-97173193,4.690369832574101,10.2716,1
chr15:40344488-40344988,5.812479279163537,64.3339,1
chr13:46321572-46322072,6.647817481888637,90.3189,1
chr3:150721236-150721736,5.72584215073632,81.0073,1
chr1:174207700-174208200,4.110698297493689,0.171035,0
chr2:215269786-215270286,7.139661993429006,57.5115,1
chr1:203281026-203281526,4.33161408331,24.5878,1
chr20:61418531-61419031,4.7447274948966935,0.322513,0
chr1:24155331-24155831,4.379863945026242,22.3698,1
chr1:165924627-165925127,6.051587034221399,43.3523,1
chr19:31054414-31054914,4.995678626217358,37.3407,1
chr4:135418305-135418805,5.642065152999546,27.9806,1
chr22:37887739-37888239,5.308034897232639,35.8453,1
chr1:9110679-9111179,7.525783735923745,60.793,1
chr10:100562930-100563430,4.492144128304169,43.6155,1
chr7:149239325-149239825,4.739928612014925,66.2861,1
chr7:134108753-134109253,4.128427064454121,22.5608,1
chr16:84736099-84736599,4.609064892896621,10.0009,1
chr16:4330241-4330741,7.632644078973981,109.619,1
chrX:56788784-56789284,5.18111458540599,28.3457,1
chr10:47024682-47025182,6.4698003017969175,68.9004,1
chr2:164599925-164600425,4.30715308072277,177.418,1
chr13:52669613-52670113,4.628932137728264,11.9192,1
chr1:9024800-9025300,6.166852888087215,0.45231,0
chr5:308467-308967,4.772113295386326,14.4512,1
chr3:130577824-130578324,4.219682687859849,5.45035,1
chr9:136122826-136123326,6.747146969020107,98.8441,1
chr12:52023830-52024330,7.116338564846382,73.7736,1
chr20:38242817-38243317,4.950781977329818,22.0231,1
chr10:55472391-55472891,4.421360790031928,0.217259,0
chr9:112528229-112528729,4.000869458712629,0.180654,0
chr6:62237426-62237926,4.405607449624573,7.19025,1
chrX:151360393-151360893,6.29929628285498,34.3575,1
chr1:202135109-202135609,5.61261017366127,106.051,1
chr16:57416977-57417477,6.13430394008393,49.4821,1
chr2:42077295-42077795,4.161780778092374,5.39169,1
chr2:217510893-217511393,4.8124792791635365,51.4599,1
chr1:156583977-156584477,4.958607314841775,56.5879,1
chr3:190322275-190322775,6.4698003017969175,70.1684,1
chr7:24381855-24382355,5.158640529545145,31.943,1
chr10:118241198-118241698,5.774690718274137,68.4385,1
chr12:77010879-77011379,5.507239610973163,102.879,1
chr1:38586990-38587490,4.7544873321858505,59.8353,1
chr15:70437719-70438219,4.632644078973981,13.5624,1
chr17:73650097-73650597,5.006563769502388,30.7892,1
chr7:20402570-20403070,6.430626090384954,38.3975,1
chr3:197942927-197943427,5.832682665251824,67.9989,1
chr20:14056890-14057390,4.571865205971212,5.62878,1
chr16:2244313-2244813,5.790484985457369,8.89951,1
chr14:71739235-71739735,4.382999658879101,14.5052,1
chrY:1468345-1468845,4.732828271596986,0.05156,0
chr7:94276748-94277248,5.747146969020107,30.0716,1
chrX:120475374-120475874,4.059981844992337,31.7734,1
chr8:5932590-5933090,6.966576244513051,11.1515,1
chr17:28369642-28370142,6.0835460514500745,7.29253,1
chr4:89901765-89902265,4.681936665037238,37.3266,1
chr12:49762919-49763419,7.906578314837765,64.4705,1
chr9:30774419-30774919,6.042392712939905,19.4643,1
chr5:77086592-77087092,4.080398976215889,25.9409,1
chr11:27716780-27717280,4.785156151952302,14.6321,1
chr1:210949871-210950371,6.667561540084395,22.104,1
chr20:35279073-35279573,4.235077015350112,0.104102,0
chr5:42005489-42005989,6.157390760389438,47.6998,1
chr15:46304253-46304753,5.714442690992226,34.159,1
chr16:1346899-1347399,4.443697499232712,3.99537,1
chr20:45498008-45498508,4.823908740944319,6.2701,1
chr14:99065490-99065990,4.269217724333611,10.8744,1
chr14:64697744-64698244,4.213958789757446,4.00533,1
chr22:27381961-27382461,4.417936637088292,9.03754,1
chr10:103605629-103606129,4.931814138253839,37.0232,1
chr7:90459854-90460354,4.841637507904751,17.9125,1
chr11:66022370-66022870,5.2343314452409855,88.5004,1
chr9:35477173-35477673,6.166852888087215,66.5933,1
chr2:135600854-135601354,5.8297382846050425,7.95419,1
chr5:82244808-82245308,5.2580609222708015,15.5589,1
chr7:131859108-131859608,6.616184634019569,77.5805,1
chr17:63866221-63866721,6.761953896871205,59.3973,1
chr4:160370112-160370612,5.978810700930062,16.2186,1
chr4:163332895-163333395,7.645891560852599,53.0309,1
chr9:93150368-93150868,4.6020599913279625,2.07268,0
chr4:122577769-122578269,4.170696227168975,42.8006,1
chr8:29176899-29177399,6.148130399270234,26.012,1
chr7:33982295-33982795,5.1249387366083,92.872,1
chr8:111253089-111253589,6.504455662453552,92.4302,1
chr7:40483573-40484073,4.201349354554731,24.0478,1
chr7:83832978-83833478,4.4723700991286615,7.57167,1
chr14:97176952-97177452,6.1438755557577,44.7782,1
chr6:12844640-12845140,5.006563769502388,41.6498,1
chr4:75555300-75555800,4.204815410317576,16.4878,1
chr18:73841629-73842129,4.3223930472795065,12.9248,1
chr17:48261207-48261707,4.281498311132726,72.5766,1
chr9:114322991-114323491,4.920818753952375,0.171714,0
chr14:54366673-54367173,5.327902142064283,105.856,1
chr9:68507393-68507893,5.129011186239425,36.5519,1
chr11:32071727-32072227,5.442492798094342,17.0753,1
chr17:29591595-29592095,6.213958789757446,66.3373,1
chr8:93975092-93975592,5.61261017366127,130.049,1
chr14:77151266-77151766,4.931814138253839,94.8811,1
chr12:12376573-12377073,6.342944147142896,49.5829,1
chr6:149834457-149834957,7.512861624522814,85.777,1
